"회사명","제목","공고링크","지역","마감일","가까운역"
"센시 주식회사","(센시 주식회사) '24년 하반기 각 부문별 인재 영입","https://www.saramin.co.krundefined","서울 강남구","~01.17(금)","2수인분당선릉역 도보 12분 이내"
"주식회사 미토교육","중등선생님(월300) /  초등부 전임,파트강사","https://www.saramin.co.krundefined","경기 안양시 동안구","~01.14(화)","4평촌역 도보 15분 이내"
"(주)맨파워그룹코리아","[선릉역/1Y] 글로벌 건축자재 기업 'S'사 임원비서 총무(전환)","https://www.saramin.co.krundefined","서울 강남구","~01.15(수)","2수인분당선릉역 도보 1분 이내"
"(주)맨파워그룹코리아","[대기업/LG전자/최고복지] 마곡방위지원파트 사무 모집","https://www.saramin.co.krundefined","서울 강서구","채용시","9공항마곡나루역 도보 7분 이내"
"(주)아스타아이비에스","[도루코 양재사옥] 보안사원 모집","https://www.saramin.co.krundefined","서울 강남구","~01.11(토)","3신분당양재역 도보 3분 이내"
"(주)윌앤비전","[경기광주] ICT폴리텍대학 시설관리 (영선) 경력직 모집","https://www.saramin.co.krundefined","경기 광주시","~01.01(수)","경강선경기광주역 도보 7분 이내"
"비사이드원","상업 공간 디자이너 경력직 모집","https://www.saramin.co.krundefined","경기 수원시 장안구","~01.12(일)","1성균관대역 도보 7분 이내"
"(주)맨파워그룹코리아","[마곡/복지최상/연3,300이상] LG전자 R&amp;D자원운영팀 사무 모집","https://www.saramin.co.krundefined","서울 강서구","채용시","9공항마곡나루역 도보 7분 이내"
"(주)맨파워그룹코리아","MPK 대한항공 김포공항 국제선 라운지 경력직 채용","https://www.saramin.co.krundefined","서울 강서구","내일마감","5개화산역 도보 7분 이내"
"입시 란샘영어학원","급구)초중  영어  강사 경력사원 채용(정규직)","https://www.saramin.co.krundefined","부산 해운대구","~12.28(토)","2장산역 도보 3분 이내"
"(주)맨파워그룹코리아","[마곡/복지최상/연3,300이상] LG전자 VS개발환경개선 사무 모집","https://www.saramin.co.krundefined","서울 강서구","채용시","9공항마곡나루역 도보 7분 이내"
"엔에이치엔(주)","[NHN] 게임 사업 홍보","https://www.saramin.co.krundefined","경기 성남시 분당구","채용시","경강선신분당판교역 도보 15분 이내"
"(주)맨파워그룹코리아","[대기업/LG전자/최고복지] 마곡방위지원팀 사무 모집","https://www.saramin.co.krundefined","서울 강서구","채용시","9공항마곡나루역 도보 7분 이내"
"(주)맨파워그룹코리아","[봉은사역/신입] 글로벌 탑티어 컨설팅펌 임원비서 채용","https://www.saramin.co.krundefined","서울 강남구","~01.16(목)","9봉은사역 도보 3분 이내"
"(주)맨파워그룹코리아","[봉은사역] 글로벌 탑티어 컨설팅펌 IT 인원 채용","https://www.saramin.co.krundefined","서울 강남구","~01.16(목)","9봉은사역 도보 3분 이내"
"휴머니아","[강남역 / 주5일]KB손해보험  임원 비서 채용","https://www.saramin.co.krundefined","서울 강남구","~01.16(목)","2신분당강남역 도보 4분 이내"
"(주)하림지주","[하림그룹] 임원전담비서(비서자금업무) 채용","https://www.saramin.co.krundefined","서울 강남구","D-4","3신분당신사역 도보 4분 이내"
"포즈의원","연봉 세전 3,400 이상) 수술팀 간호조무사 채용합니다.","https://www.saramin.co.krundefined","서울 강남구","상시채용","3압구정역 도보 4분 이내"
"주식회사 더프리마","[주식회사 더프리마] 더프리마호텔 종로 객실팀 프론트직원 채용","https://www.saramin.co.krundefined","서울 종로구","채용시","1종각역 도보 7분 이내"
"(주)맨파워그룹코리아","[평택/급여최상] 반도체 장비 1위 기업 안전관리자(6M/산휴)","https://www.saramin.co.krundefined","경기 평택시","채용시","1평택지제역 도보 12분 이내"
"(주)비즈인사이트","[정규직][연신내역] AIA생명TM센터 총무 채용","https://www.saramin.co.krundefined","서울 서대문구","~12.26(목)","25충정로역 도보 1분 이내"
"(주)에스이에스","[대기업/강동/통근] 삼성E&amp;A 사무보조 (교육지원) 채용","https://www.saramin.co.krundefined","서울 강동구","D-6","5강일역 도보 15분 이내"
"현대엘리베이터서비스(주)","[용인]승강기 유지관리 서비스 기사 채용","https://www.saramin.co.krundefined","경기 용인시 처인구 외","채용시","에버라인삼가역 도보 7분 이내"
"(주)맨파워그룹코리아","[정규직/보훈] 일본 메가 글로벌 은행 CRM 부서 행원 채용","https://www.saramin.co.krundefined","서울 중구","~01.04(토)","12시청역 도보 7분 이내"
"현대엘리베이터서비스(주)","[수도권]승강기 서비스 영업직 채용","https://www.saramin.co.krundefined","서울 종로구","채용시","1종로5가역 도보 12분 이내"
"(주)아스타아이비에스","[도루코 양재사옥] 조리사원 모집","https://www.saramin.co.krundefined","서울 강남구","~01.11(토)","3신분당양재역 도보 3분 이내"
"(주)디와이유엘씨","(주)디와이유엘씨 - 포워딩 영업사원 경력자(사원 ~ 차장)","https://www.saramin.co.krundefined","서울 서초구","~01.10(금)","3남부터미널역 도보 7분 이내"
"중랑이스턴 보습학원","초중등 수학선생님 모십니다","https://www.saramin.co.krundefined","서울 중랑구","~01.17(금)","경의중앙경춘중랑역 도보 12분 이내"
"(주)페슬","온라인MD 신입/경력직 모집","https://www.saramin.co.krundefined","서울 강남구","상시채용","2신분당강남역 도보 3분 이내"
"하나금융파인드(주)","하나금융파인드 신입 및 경력 보험설계사 모집","https://www.saramin.co.krundefined","서울 종로구 외","~01.07(화)","1종로5가역 도보 7분 이내"
"이룰:성","[기본급 230 + 인센 무한] 영업X /단순 마케터 /쉬는시간 120분","https://www.saramin.co.krundefined","경기 수원시 팔달구 외","~02.02(일)","수인분당수원시청역 도보 4분 이내"
"(주)파사드패턴","파사드패턴 고객경험팀(CX/CS) 매니저 모집","https://www.saramin.co.krundefined","서울 성동구","상시채용","2성수역 도보 1분 이내"
"(주)아소비교육","교육프랜차이즈본사 운영팀/마케팅사업부&amp;기획/교육관리팀 채용","https://www.saramin.co.krundefined","서울 은평구 외","D-5","6증산역 도보 7분 이내"
"탑손해사정(주)","[탑손해사정㈜] 인보험 손해사정 현장 사고 조사자 채용","https://www.saramin.co.krundefined","부산 연제구 외","D-4","5마포역 도보 7분 이내"
"(주)티디에이치컴퍼니","남자의류쇼핑몰 오까네 CS팀 모집","https://www.saramin.co.krundefined","서울 동대문구 외","오늘마감","26신당역 도보 7분 이내"
"엠지신용정보(주)","[2호선 삼성역] 새마을금고중앙회 공제지원센터 고객센터 관리자","https://www.saramin.co.krundefined","서울 강남구","~12.31(화)","9봉은사역 도보 7분 이내"
"아이디병원","[아이디치과] 치과 코디네이터 채용","https://www.saramin.co.krundefined","서울 강남구","~01.11(토)","3신분당신사역 도보 7분 이내"
"(주)더블스윗","구매물류팀 신입 및 경력 채용","https://www.saramin.co.krundefined","경기 용인시 외","D-7","에버라인지석역 도보 7분 이내"
"디에이기획(주)","[온라인 마케팅 대행사] 마케팅 광고 기획자 채용중 (경력/신입)","https://www.saramin.co.krundefined","서울 동대문구 외","~01.15(수)","12우이신설신설동역 도보 12분 이내"
"(주)더비엔아이","서울 전략기획 컨설턴트 경력직 채용","https://www.saramin.co.krundefined","서울 강남구","D-4","7학동역 도보 3분 이내"
"(주)소만사","판교에서 함께 근무할 오픈스택 클라우드 플랫폼 개발자","https://www.saramin.co.krundefined","서울 영등포구","~12.29(일)","5영등포시장역 도보 7분 이내"
"(주)소만사","판교에서 함께 근무할 시스템 인프라 기술지원 엔지니어 채용","https://www.saramin.co.krundefined","서울 영등포구","~12.29(일)","5영등포시장역 도보 7분 이내"
"(주)소만사","판교에서 함께 근무할 가상화 SW 솔루션(VDI) 기술지원 엔지니어","https://www.saramin.co.krundefined","서울 영등포구","~12.29(일)","5영등포시장역 도보 7분 이내"
"(주)소만사","판교에서 함께 근무할 가상화 SW솔루션(VDI) 클라이언트 개발자","https://www.saramin.co.krundefined","서울 영등포구","~12.29(일)","5영등포시장역 도보 7분 이내"
"(주)테일러팜스","(주)테일러팜스 마케팅팀 상품PM (경력) 채용공고","https://www.saramin.co.krundefined","서울 강남구 외","채용시","9삼성중앙역 도보 7분 이내"
"팝성형외과의원","[압구정] 팝성형외과 코디네이터 채용","https://www.saramin.co.krundefined","서울 강남구","D-7","3압구정역 도보 7분 이내"
"둔산 에듀플렉스 심리상담연구소","에듀플렉스 둔산점 신입(인턴) 및 경력매니저 채용","https://www.saramin.co.krundefined","대전 서구 외","~01.09(목)","1시청역 도보 3분 이내"
"(주)고래사","[경력] 고래사 서울사무소 이커머스 영업관리직 채용공고","https://www.saramin.co.krundefined","서울 송파구","~01.11(토)","9석촌고분역 도보 12분 이내"
"(주)제노레이","[특별채용] 의료용 X-ray 제너레이터/HW/FW 경력 엔지니어","https://www.saramin.co.krundefined","서울 강남구","~12.29(일)","2삼성역 도보 7분 이내"
"토탈리빙(주)","2025년 상반기 조립, 생산, 제조가공, AS기술직 채용","https://www.saramin.co.krundefined","인천 부평구","~01.15(수)","인천1갈산역 도보 7분 이내"
"영풍지케이(주)","기술영업부 일반영업 신입/경력 채용","https://www.saramin.co.krundefined","서울 마포구","~01.15(수)","경의중앙가좌역 도보 12분 이내"
"(주)티엘에듀케이션","[학습매니저] 부산 에듀플렉스 학습매니저 채용 공고","https://www.saramin.co.krundefined","부산 동래구 외","~01.03(금)","3사직역 도보 7분 이내"
"(주)조인앤조인","[널담, 3년 이상 경력(과장급 이상)] 온라인 MD 경력직 채용","https://www.saramin.co.krundefined","서울 구로구","상시채용","2구로디지털단지역 도보 12분 이내"
"HNB 코퍼레이션","[세포라 협력 업체] 해외영업 - 화장품/뷰티","https://www.saramin.co.krundefined","서울 용산구","~01.16(목)","1경의중앙용산역 도보 7분 이내"
"(주)다래전략사업화센터","경영지원실 재무ㆍ회계ㆍ세무 담당 신입 · 경력직 모집","https://www.saramin.co.krundefined","서울 강남구","D-7","2역삼역 도보 7분 이내"
"먼데이모닝크리에이티브랩(주)","Kpop 문화콘텐츠 - 해외 엔터사업 실무 - 신입/경력","https://www.saramin.co.krundefined","서울 성동구","~01.17(금)","수인분당서울숲역 도보 3분 이내"
"에이스바이오팜(주)","부형제사업팀 기술영업 경력직 및 영업지원 신입 이상 채용","https://www.saramin.co.krundefined","서울 서초구","~01.06(월)","7내방역 도보 4분 이내"
"올빛뷰티라운지","[  올빚  뷰티라운지 ] 신입 &amp; 경력 뷰티 매니저 모집","https://www.saramin.co.krundefined","서울 강남구","~02.16(일)","3압구정역 도보 4분 이내"
"(주)바라스토","[통신공사] CCTV 유지보수 관리 채용 공고","https://www.saramin.co.krundefined","서울 성동구","~01.06(월)","2성수역 도보 7분 이내"
"(주)페슬","일본 IMC 마케팅 신입/경력직 모집","https://www.saramin.co.krundefined","서울 강남구","상시채용","2신분당강남역 도보 3분 이내"
"(재)우란문화재단","[우란문화재단] 전시팀 프로젝트 매니저 채용 공고","https://www.saramin.co.krundefined","서울 성동구","~01.05(일)","2성수역 도보 3분 이내"
"주식회사아는사람","금융을 아는사람 오핀스금융팀 팀장 모집(소수인원 모집)","https://www.saramin.co.krundefined","경남 양산시 외","~02.11(화)","2증산역 도보 3분 이내"
"(주)케이엔에스에듀","[대치동 영어학원 KNS] 온라인 사업부 콘텐츠 기획 채용","https://www.saramin.co.krundefined","서울 강남구","~01.17(금)","수인분당한티역 도보 12분 이내"
"(주)테스콤","[테스콤] 자동화분야 로봇제어 엔지니어 채용","https://www.saramin.co.krundefined","경기 고양시 일산동구","~01.09(목)","경의중앙서해곡산역 도보 15분 이내"
"(주)에스티에이테스팅컨설팅","시험인증(KOLAS) 기술책임자(팀장급) 인재채용","https://www.saramin.co.krundefined","서울 광진구","~12.31(화)","7자양역 도보 3분 이내"
"(주)퍼스트인코리아","[퍼스트인 본사] 거래처별 인사노무 관리 HR매니저 채용","https://www.saramin.co.krundefined","부산 부산진구 외","D-4","1범내골역 도보 1분 이내"
"(주)브이드림","[브이드림] 전략사업팀 과제 기획 및 운영 부분 채용(서울)","https://www.saramin.co.krundefined","서울 서초구","채용시","3남부터미널역 도보 7분 이내"
"(주)JB금융지주","[JB금융지주] HR전략부 전문계약직 채용","https://www.saramin.co.krundefined","서울 영등포구","D-4","59여의도역 도보 7분 이내"
"(주)모젠컴퍼니","아웃소싱 인사관리자(잡매니저)채용 (신입/주임급)","https://www.saramin.co.krundefined","대구 달서구","~01.16(목)","2성서산업단지역 도보 3분 이내"
"(주)소만사","판교에서 함께 근무할 IT 세일즈 전문가(정보보안 SW솔루션)","https://www.saramin.co.krundefined","서울 영등포구","~12.29(일)","5영등포시장역 도보 7분 이내"
"(주)동성케미컬","[동성케미컬] Bioplastic사업부 영업 및 마케팅 경력사원 모집","https://www.saramin.co.krundefined","서울 중구","~01.01(수)","14공항경의중앙서울역 도보 7분 이내"
"(주)소만사","가상화SW솔루션(VDI) 운영관리자(고객사 출퇴근)","https://www.saramin.co.krundefined","서울 마포구","~12.29(일)","경의중앙수색역 도보 12분 이내"
"(주)바이오미스트테크놀로지","향기마케팅 경영지원부(법인회계, 세무 및 결산) 채용","https://www.saramin.co.krundefined","서울 영등포구 외","~12.27(금)","25영등포구청역 도보 7분 이내"
"법무법인(유)대륜변호사","[상시채용]법무법인(유한) 대륜 서울 외근전담 법률비서 채용","https://www.saramin.co.krundefined","서울 용산구","상시채용","14공항경의중앙서울역 도보 3분 이내"
"서면어린이치과의원","주4.5일근무) 서면어린이치과 치과위생사 모집","https://www.saramin.co.krundefined","부산 부산진구 외","~02.16(일)","12서면역 도보 4분 이내"
"(주)디옴","하이엔드 수입가구 Minotti 및 Poliform 영업자 모집","https://www.saramin.co.krundefined","서울 강남구","채용시","7학동역 도보 1분 이내"
"(주)디옴","Poliform &amp; Minotti 설계 및 영업 담당","https://www.saramin.co.krundefined","서울 강남구","채용시","7학동역 도보 1분 이내"
"(주)디옴","Poliform 시공감리(시스템가구, 주방가구) 담당 경력자 모집","https://www.saramin.co.krundefined","서울 강남구","채용시","7신분당논현역 도보 4분 이내"
"서면어린이치과의원","(주5일근무) 서면어린이치과에서 데스크 직원을 채용합니다.","https://www.saramin.co.krundefined","부산 부산진구","~02.16(일)","12서면역 도보 4분 이내"
"(주)페슬","인플루언서 커머스 매니저 신입/경력직 모집","https://www.saramin.co.krundefined","서울 강남구","상시채용","2신분당강남역 도보 3분 이내"
"스웨덴무역투자대표부","Specialist in Business Support Services","https://www.saramin.co.krundefined","서울 중구","~12.31(화)","4명동역 도보 1분 이내"
"(주)청어람씨케이에스","청어람수학원 행정실 직원 모집","https://www.saramin.co.krundefined","서울 송파구 외","~01.17(금)","5방이역 도보 7분 이내"
"온리프성형외과","[강남역]피부관리사님 채용, 즉시출근자우대, 기숙사완비","https://www.saramin.co.krundefined","서울 서초구","상시채용","2신분당강남역 도보 3분 이내"
"온리프성형외과","[강남역,성형외과]원내TM 상담사채용,최고우대,남녀무관","https://www.saramin.co.krundefined","서울 서초구","상시채용","2신분당강남역 도보 3분 이내"
"(주)드림시스템","AGV 운영 관리  및 AS 인재를 모십니다.","https://www.saramin.co.krundefined","경기 수원시 권선구","~02.16(일)","수인분당고색역 도보 15분 이내"
"온리프성형외과","[성형외과 수술방 간호조무사 경력최고 우대채용]기숙사제공","https://www.saramin.co.krundefined","서울 서초구","상시채용","2신분당강남역 도보 3분 이내"
"(주)일루코","마케팅팀 해외영업&amp;기술영업 정규직 모집 공고","https://www.saramin.co.krundefined","경기 군포시","~01.17(금)","1군포역 도보 12분 이내"
"The 꼼꼼한치과의원","치과위생사모집(경력직우대)","https://www.saramin.co.krundefined","부산 부산진구","채용시","2동의대역 도보 7분 이내"
"(주)학문당교육만촌지점","기계식 주차장 관리인 모집","https://www.saramin.co.krundefined","대구 수성구","~01.17(금)","2만촌역 도보 3분 이내"
"키아광교코리아헤럴드국제어학원","키아광교 코리아헤럴드 국제어학원 상담실장님을 모십니다.","https://www.saramin.co.krundefined","경기 수원시 영통구","~01.17(금)","신분당광교중앙역 도보 12분 이내"
"더핑크퐁컴퍼니(주)","[더핑크퐁컴퍼니] 글로벌 앱 제휴 마케터","https://www.saramin.co.krundefined","서울 서초구","~01.08(수)","2서초역 도보 4분 이내"
"(주)드림시스템","전장설계 및 제작 인재를 모십니다.","https://www.saramin.co.krundefined","경기 수원시 권선구","~01.17(금)","수인분당고색역 도보 15분 이내"
"키아광교코리아헤럴드국제어학원","2025년 3월 유치부, 초등부 영어 선생님을 모십니다.(키아광교)","https://www.saramin.co.krundefined","경기 수원시 영통구","~01.17(금)","신분당광교중앙역 도보 12분 이내"
"(주)중독컴퍼니","[카페인중독]본사 마케팅팀 팀장 모집 (무료구내식당)","https://www.saramin.co.krundefined","서울 강남구","~01.14(화)","2역삼역 도보 7분 이내"
"(주)중독컴퍼니","[카페인중독]본사 컨텐츠, 디자인팀 팀장 모집 (무료구내식당)","https://www.saramin.co.krundefined","서울 강남구","~01.14(화)","2역삼역 도보 7분 이내"
"(주)넥스아이","각 부문별 신입/경력 정규직 채용","https://www.saramin.co.krundefined","서울 송파구","~01.10(금)","8문정역 도보 4분 이내"
"주식회사더마루트","피부과 브랜드 BM, 영상 기획/촬영/편집 인재 채용","https://www.saramin.co.krundefined","경기 화성시","채용시","1병점역 도보 3분 이내"
"(주)중독컴퍼니","[카페인중독]본사 마케팅팀 SNS 마케터 모집(무료구내식당)","https://www.saramin.co.krundefined","서울 강남구","D-3","9언주역 도보 7분 이내"
"혼다코리아부산(주)","[혼다코리아]남천동 혼다모터사이클 부품팀   직원 채용","https://www.saramin.co.krundefined","부산 수영구","채용시","2금련산역 도보 7분 이내"
"(주)중독컴퍼니","[카페인중독]본사 마케팅팀 컨텐츠 디자이너 모집(무료구내식당)","https://www.saramin.co.krundefined","서울 강남구","~01.13(월)","9언주역 도보 7분 이내"
"(주)중독컴퍼니","[카페인중독]본사 앱 서비스 운영 팀장 모집(무료구내식당)","https://www.saramin.co.krundefined","서울 강남구","~01.14(화)","2역삼역 도보 7분 이내"
"(주)퓨처이노베이션","[주식,경제,선물] 영상 촬영 편집 기획 PD 모집합니다","https://www.saramin.co.krundefined","서울 영등포구","~01.26(일)","25영등포구청역 도보 4분 이내"
"(주)이노플러스컴퍼니","정부 정책/ 전략기획 컨설턴트 모집","https://www.saramin.co.krundefined","서울 영등포구","~12.31(화)","9국회의사당역 도보 3분 이내"
"(주)중독컴퍼니","[카페인중독]본사 앱 풀스택 개발자 모집(무료구내식당)","https://www.saramin.co.krundefined","서울 강남구","~02.03(월)","9언주역 도보 7분 이내"
"서울힐링요양병원","서울힐링요양병원 원무행정 신입사원 채용 공고(정규직)","https://www.saramin.co.krundefined","서울 송파구","~01.04(토)","3경찰병원역 도보 7분 이내"
"(주)크레비즈인증원","[크레비즈인증원] 영업분야 경력직 채용","https://www.saramin.co.krundefined","서울 영등포구","D-6","9선유도역 도보 1분 이내"
"(주)피라인모터스","영업 분야 신입 및 경력 채용","https://www.saramin.co.krundefined","서울 금천구 외","~01.12(일)","7춘의역 도보 4분 이내"
"상상의원","[주 4일] 총괄실장/상담실장/코디네이터(한국/중국/일본)/간호","https://www.saramin.co.krundefined","서울 강남구 외","~12.31(화)","3신분당신사역 도보 4분 이내"
"(주)송지오인터내셔널","[SONGZIO] 여성복 디자이너 경력 채용","https://www.saramin.co.krundefined","서울 성동구 외","~01.08(수)","2뚝섬역 도보 7분 이내"
"위시컴퍼니(주)","[위시컴퍼니] 각 부문 신입/경력 채용","https://www.saramin.co.krundefined","서울 강남구","~01.12(일)","2수인분당선릉역 도보 7분 이내"
"(주)다스카손해사정화재해상","[삼성화재장기심사팀]  [대구] 팀장 &amp; 팀원 공개 채용","https://www.saramin.co.krundefined","대구 중구","D-4","2센텀시티역 도보 12분 이내"
"(주)거상","(주)거상(철강 무역) 국내,외 수출관련 영업직 경력사원","https://www.saramin.co.krundefined","경기 성남시 분당구","~01.11(토)","수인분당신분당정자역 도보 3분 이내"
"버스티브이(주)","LED전광판, 버스광고 정규직 영업사원 모집","https://www.saramin.co.krundefined","서울 서초구","D-3","23교대역 도보 7분 이내"
"(주)피라인모터스","각 분야별 신입 및 경력 채용","https://www.saramin.co.krundefined","서울 금천구 외","~01.12(일)","7춘의역 도보 4분 이내"
"(주)중앙청과","(주)중앙청과 과일본부(농산물경매) 신입 채용","https://www.saramin.co.krundefined","서울 송파구","채용시","8송파역 도보 12분 이내"
"(주)원탑","(정규직) 남/녀 대기업협력사 PC램카드[상여금500/분기별성과금]","https://www.saramin.co.krundefined","충남 아산시 외","~01.16(목)","1신창역 도보 4분 이내"
"(주)라이브러리컴퍼니","공연팀 / 콘서트팀 / 아티스트 마케팅 기획자 모집","https://www.saramin.co.krundefined","서울 서초구","~02.14(금)","23교대역 도보 4분 이내"
"공영기업(주)","KT&amp;G 경영임원 사무보조(비서) 채용공고","https://www.saramin.co.krundefined","서울 강남구","~01.10(금)","2삼성역 도보 7분 이내"
"(주)덴티스","(주)덴티스 마케팅PM 인원 채용","https://www.saramin.co.krundefined","서울 금천구","~01.17(금)","17가산디지털단지역 도보 3분 이내"
"(주)덴티스","(주)덴티스 덴탈 마케팅본부 본부장 채용","https://www.saramin.co.krundefined","서울 금천구","~01.17(금)","17가산디지털단지역 도보 3분 이내"
"(주)라이프블루","[스포츠 기업] 사업 제안서 및 행정 지원 담당자 채용","https://www.saramin.co.krundefined","경기 김포시","상시채용","김포골드구래역 도보 7분 이내"
"탑영어수학전문학원","초중등 영어전임 경력무관 모집 공고","https://www.saramin.co.krundefined","대전 동구","~01.17(금)","1신흥역 도보 7분 이내"
"더핑크퐁컴퍼니(주)","[더핑크퐁컴퍼니] 글로벌 앱 제휴 마케터 인턴 (정규직 전환형)","https://www.saramin.co.krundefined","서울 서초구","~01.08(수)","2서초역 도보 4분 이내"
"아트랭크(주)","폰케이스 및 굿즈 생산원(UV 인쇄, 승화전사 인쇄, 레이저 커팅)","https://www.saramin.co.krundefined","서울 성동구","D-6","2뚝섬역 도보 1분 이내"
"(주)인텔리빅스","[인사총무팀] 경력 사원 정규직 채용","https://www.saramin.co.krundefined","서울 서초구","~01.19(일)","2방배역 도보 3분 이내"
"한국캐스팅(주)","[인천] 영업관리 경력사원 모집 공고","https://www.saramin.co.krundefined","인천 남동구","~02.16(일)","인천1동춘역 도보 7분 이내"
"(주)더넥스트제네레이션","[건강기능식품 이커머스] 브랜드 디자이너(경력)","https://www.saramin.co.krundefined","서울 금천구","D-4","17가산디지털단지역 도보 4분 이내"
"(주)에뛰드","(주)에뛰드 인플루언서 마케팅 어시스트(계약직) 모집","https://www.saramin.co.krundefined","서울 용산구","D-7","4신용산역 도보 1분 이내"
"키아광교코리아헤럴드국제어학원","2025 신학기를 함께 하실 부담임 선생님을 모십니다. (키아광교)","https://www.saramin.co.krundefined","경기 수원시 영통구","~01.17(금)","신분당광교중앙역 도보 12분 이내"
"서울제일내과의원","[상현역 내과] 원무과 1명 신입/경력 채용","https://www.saramin.co.krundefined","경기 용인시 수지구","~01.17(금)","신분당상현역 도보 1분 이내"
"대한광통신(주)","[대한광통신] 가공선 해외영업 정규직 채용 (미주)","https://www.saramin.co.krundefined","경기 안양시 동안구","~01.16(목)","4인덕원역 도보 12분 이내"
"세무법인예인 영등포","[세무법인예인 영등포] 세무기장 [ 2년차이상 ~ 4년차이하] 모집","https://www.saramin.co.krundefined","서울 영등포구 외","~01.10(금)","15신길역 도보 4분 이내"
"칠도관세사무소","[칠도 관세사] 관세사무원 채용 공고","https://www.saramin.co.krundefined","인천 연수구","~01.17(금)","인천1국제업무지구역 도보 4분 이내"
"(주)드림시스템","PLC 제어","https://www.saramin.co.krundefined","경기 수원시 권선구","~02.16(일)","수인분당고색역 도보 15분 이내"
"대한광통신(주)","[대한광통신] 광케이블 해외영업 정규직 채용","https://www.saramin.co.krundefined","경기 안양시 동안구","~01.16(목)","4인덕원역 도보 12분 이내"
"(주)아헬즈","[아헬즈] 신입 및 경력사원 채용(영업, 학술지원, 기술영업)","https://www.saramin.co.krundefined","경기 용인시 기흥구","~12.31(화)","수인분당에버라인기흥역 도보 12분 이내"
"(주)이로실업","의류디자이너 모집(신입/경력)","https://www.saramin.co.krundefined","서울 구로구 외","~12.30(월)","7남구로역 도보 12분 이내"
"(주)파파모빌리티","[파파크루(드라이버)모집] 프리미엄 이동 및 서비스 수행","https://www.saramin.co.krundefined","서울 용산구 외","~01.05(일)","2강변역 도보 3분 이내"
"(주)펀샤인","[옵타움 브랜드] 수출입 신입 및 경력 정직원 채용","https://www.saramin.co.krundefined","부산 해운대구","~01.12(일)","2센텀시티역 도보 12분 이내"
"진원생명과학(주)","인사&amp;총무 경력사원 채용","https://www.saramin.co.krundefined","서울 영등포구 외","오늘마감","5여의나루역 도보 7분 이내"
"(주)퍼스트인","[(주)퍼스트인] 경인지사 잡매니저 공개채용","https://www.saramin.co.krundefined","인천 미추홀구","D-4","1인천2주안역 도보 4분 이내"
"(주)매쓰홀릭","[AI수학 매쓰홀릭] 고객지원 업무 함께 하실 동료를 모십니다.","https://www.saramin.co.krundefined","서울 서초구","~12.28(토)","2신분당강남역 도보 7분 이내"
"베스핀글로벌(주)","Cloud SA 담당자 영입(SRE 1팀)","https://www.saramin.co.krundefined","서울 서초구","채용시","2신분당강남역 도보 12분 이내"
"(주)원팀운수","배차관리 , 인원관리 담당자 모집","https://www.saramin.co.krundefined","서울 송파구","~02.09(일)","89석촌역 도보 4분 이내"
"젠지이스포츠글로벌아카데미(유)","[젠지글로벌아카데미]영업·세일즈(Sales) 집중 채용(사원/인턴)","https://www.saramin.co.krundefined","서울 강남구","채용시","9수인분당선정릉역 도보 1분 이내"
"(주)에반스에듀","2025 NMD교육 - 코넬수학전문학원 모집 (전임강사/행정사원)","https://www.saramin.co.krundefined","대구 북구","~01.17(금)","3팔거역 도보 12분 이내"
"베스핀글로벌(주)","RAG 담당자 영입","https://www.saramin.co.krundefined","서울 서초구","~01.02(목)","2신분당강남역 도보 12분 이내"
"(주)에듀올","[등촌 리틀팍스어학원]영어유치. 초등 교사 모집 공고- 경력","https://www.saramin.co.krundefined","서울 강서구","~01.17(금)","5발산역 도보 12분 이내"
"쿠팡(주)","[쿠팡페이] CS교육 및 QA 담당자","https://www.saramin.co.krundefined","서울 송파구","채용시","28잠실역 도보 4분 이내"
"(주)케이웨이컴퍼니","브랜드 온라인MD 모집","https://www.saramin.co.krundefined","서울 강남구","상시채용","9봉은사역 도보 4분 이내"
"자이로소프트(주)","웹 개발자 채용 [경력직/프리랜서, 근무지 KINTEX(일산)]","https://www.saramin.co.krundefined","경기 고양시 일산서구","~01.10(금)","3대화역 도보 15분 이내"
"(사)전국장애인부모연대성동지회","성인발달장애인과 함께 할 주간활동서비스 선생님을 찾음.","https://www.saramin.co.krundefined","서울 성동구","~01.17(금)","2뚝섬역 도보 3분 이내"
"(주)제일엠앤에스","(주)제일엠앤에스 EPC 엔지니어링부문 EM팀 2D배관파트 담당","https://www.saramin.co.krundefined","서울 서초구","~01.17(금)","3신분당양재역 도보 7분 이내"
"디데이성형외과의원","디데이성형외과 상담실장 채용합니다.","https://www.saramin.co.krundefined","서울 강남구","~02.14(금)","3신분당신사역 도보 4분 이내"
"이치무역","[대전] 쇼핑몰 관리자 경력자 모집","https://www.saramin.co.krundefined","대전 서구","~02.16(일)","1시청역 도보 12분 이내"
"(주)딥다이브","[델피어] 북미 인플루언서 마케터(정규직/정규직 전환형 인턴)","https://www.saramin.co.krundefined","서울 서초구","내일마감","2신분당강남역 도보 4분 이내"
"(주)크레버스","CREVERSE 수학 강사 채용(초등&amp;중고등)","https://www.saramin.co.krundefined","서울 강남구 외","~01.11(토)","9구반포역 도보 7분 이내"
"㈜남전사","(주)남전사 생산관리직 신입사원 모집 (사세확장)","https://www.saramin.co.krundefined","경남 김해시","~12.31(화)","부산김해경전철김해대학역 도보 3분 이내"
"(주)테크웨이즈","[㈜테크웨이즈] 각 부문별 신입·경력사원 모집","https://www.saramin.co.krundefined","경기 용인시 수지구 외","~12.28(토)","신분당상현역 도보 7분 이내"
"이자경수학광교고등학원","광교관에서 초등 중등 고등 수학선생님 수학강사 구인합니다","https://www.saramin.co.krundefined","경기 용인시 수지구 외","~01.08(수)","신분당상현역 도보 1분 이내"
"(주)펄어비스","[펄어비스] 검은사막 온라인 게임플레이 프로그래머 모집","https://www.saramin.co.krundefined","경기 과천시","채용시","4인덕원역 도보 15분 이내"
"(주)한빛입찰","[업계 최고 인센티브 제도] 영업팀/분석팀 채용","https://www.saramin.co.krundefined","대구 달서구 외","~02.28(금)","2용산역 도보 7분 이내"
"(주)오뗄","식품 영업사원 신입 및 경력사원 채용","https://www.saramin.co.krundefined","서울 송파구","D-5","29종합운동장역 도보 15분 이내"
"주식회사 디이메디칼","[대구/경북] 의료기기 영업 사원 모집","https://www.saramin.co.krundefined","대구 달서구","~01.16(목)","1진천역 도보 7분 이내"
"(주)그로스체인","광고 콘텐츠 기획 &amp; 제작 마케터 딱 1명 채용","https://www.saramin.co.krundefined","경기 부천시 원미구 외","~01.15(수)","7신중동역 도보 7분 이내"
"(주)펄어비스","[펄어비스] 검은사막 PC/콘솔 러시아어 운영 담당자 모집","https://www.saramin.co.krundefined","경기 과천시","채용시","4인덕원역 도보 15분 이내"
"(주)오런","오런 카페-바 직원/베이킹 매니저 채용","https://www.saramin.co.krundefined","부산 사상구","~12.29(일)","우이신설삼양역 도보 7분 이내"
"(주)대웅제약","[대웅제약] ETC 제약영업 로컬 MR 경력채용(대구)","https://www.saramin.co.krundefined","서울 강남구","~12.29(일)","9봉은사역 도보 7분 이내"
"(주)대웅제약","[대웅제약] 12월 1차 수시채용","https://www.saramin.co.krundefined","서울 강남구","~12.29(일)","9봉은사역 도보 7분 이내"
"(주)용감한미녀들","[정규직/마곡,발산] 화장품 국내영업 담당자 채용 (과,차자급)","https://www.saramin.co.krundefined","서울 강서구","~02.15(토)","5발산역 도보 12분 이내"
"(주)맨파워그룹코리아","[잠실] 글로벌 상위 제약사 Medical Information Associate","https://www.saramin.co.krundefined","서울 송파구","~01.16(목)","28잠실역 도보 4분 이내"
"한국바이켐(주)","[화학제조업 생산직] 우수한 생산직 채용","https://www.saramin.co.krundefined","인천 남동구","~02.01(토)","인천1신연수역 도보 12분 이내"
"(주)맨파워그룹코리아","[역삼] 글로벌 진단기기업 Sales assistant 채용 (1Y)","https://www.saramin.co.krundefined","서울 강남구","~01.16(목)","2역삼역 도보 12분 이내"
"(사) 한국건강관리협회 강원특별자치도지부","한국건강관리협회 강원특별자치도지부 방사선사 채용","https://www.saramin.co.krundefined","강원 춘천시","D-4","경춘남춘천역 도보 15분 이내"
"(주)맨파워코리아","++[대구/수성구] 중견기업 본사 사무보조 추가 채용모집","https://www.saramin.co.krundefined","대구 수성구 외","~01.05(일)","3황금역 도보 3분 이내"
"휴머니아","[KB국민은행] 이촌 PB센터 VIP 리셉션 사원 채용","https://www.saramin.co.krundefined","서울 용산구","D-2","4경의중앙이촌역 도보 7분 이내"
"엔에이치엔(주)","[NHN] 게임 미디어 콘텐츠 크리에이터","https://www.saramin.co.krundefined","경기 성남시 분당구","채용시","경강선신분당판교역 도보 15분 이내"
"(주)용감한미녀들","[정규직/마곡,발산] 화장품 구매/생산 담당자 채용 (과,차장급)","https://www.saramin.co.krundefined","서울 강서구","~02.15(토)","5발산역 도보 12분 이내"
"휴머니아","[KB국민은행] 삼성역 PB센터 VIP 리셉션 사원 채용","https://www.saramin.co.krundefined","서울 강남구","D-2","2삼성역 도보 4분 이내"
"(주)맨파워그룹코리아","인천공항 화물터미널 반출입/검수 업무 담당자 채용","https://www.saramin.co.krundefined","인천 중구","~12.31(화)","공항공항화물청사역 도보 15분 이내"
"세무법인 백두(북인천지점)","2024년 세무법인 백두(북인천) 경력직원 채용공고","https://www.saramin.co.krundefined","인천 계양구 외","D-5","인천1임학역 도보 12분 이내"
"네이처플러스","국내/해외 마케팅 영업 경력사원 채용","https://www.saramin.co.krundefined","서울 강서구","~01.12(일)","9공항마곡나루역 도보 4분 이내"
"(주)제이앤비컨설팅","[속보-지원금多-신입환영-영업X] 하나카드 인바운드 상담사 채용","https://www.saramin.co.krundefined","광주 서구","채용시","1금남로5가역 도보 7분 이내"
"㈜덴티움","(주)덴티움 마케팅팀(PM) 인재채용","https://www.saramin.co.krundefined","경기 수원시 영통구","~01.12(일)","신분당광교역 도보 15분 이내"
"(주)디디에프엔비","프랜차이즈 본사 각부문별 채용","https://www.saramin.co.krundefined","서울 강남구 외","채용시","7학동역 도보 7분 이내"
"(주)맨파워그룹코리아","[서초구] 프랑스계 제약회사 Respiratory Medical Advisor (1Y)","https://www.saramin.co.krundefined","서울 서초구","~12.31(화)","379고속터미널역 도보 7분 이내"
"㈜덴티움","(주)덴티움 마케팅팀(PM) 인재채용","https://www.saramin.co.krundefined","경기 수원시 영통구","~01.12(일)","신분당광교역 도보 15분 이내"
"(주)디디에프엔비","프랜차이즈 본사 각부문별 채용","https://www.saramin.co.krundefined","서울 강남구 외","채용시","7학동역 도보 7분 이내"
"(주)맨파워그룹코리아","[서초구] 프랑스계 제약회사 Respiratory Medical Advisor (1Y)","https://www.saramin.co.krundefined","서울 서초구","~12.31(화)","379고속터미널역 도보 7분 이내"
"(주)실리콘투","[(주)실리콘투] 해외영업,해외마케팅 팀장급 채용 (경력 7년~)","https://www.saramin.co.krundefined","경기 성남시 분당구","상시채용","경강선신분당판교역 도보 12분 이내"
"(주)케어젠","[케어젠] 화장품개발부 제형연구팀원 정규직 채용","https://www.saramin.co.krundefined","경기 군포시 외","채용시","14금정역 도보 7분 이내"
"주식회사 디앤씨컴퍼니","디앤씨컴퍼니] 대전 SNS 홍보 마케팅 사업(Project Leader)모집","https://www.saramin.co.krundefined","대전 동구","~01.15(수)","1중앙로역 도보 12분 이내"
"(주)대웅제약","[대웅제약] ETC 제약영업 로컬 MR 경력채용(경기)","https://www.saramin.co.krundefined","서울 강남구","D-4","9봉은사역 도보 7분 이내"
"㈜덴티움","[덴티움] 임플란트 CS파트 인재 채용","https://www.saramin.co.krundefined","경기 수원시 영통구","~01.15(수)","신분당광교역 도보 15분 이내"
"(주)두베스트","영업관리(무역사무) 담당자 채용","https://www.saramin.co.krundefined","서울 마포구","~01.11(토)","6광흥창역 도보 12분 이내"
"(주)엔에이백신연구소","[경영기획본부] 경영지원 경력사원 채용","https://www.saramin.co.krundefined","서울 송파구","~01.03(금)","8문정역 도보 3분 이내"
"(주)메디쿼터스","[(주)메디쿼터스] RA 담당자","https://www.saramin.co.krundefined","서울 강남구 외","채용시","7학동역 도보 7분 이내"
"(주)넥스트플레이어","[넥스트플레이어] 브랜드 매니저 채용","https://www.saramin.co.krundefined","서울 성동구","~01.15(수)","수인분당서울숲역 도보 7분 이내"
"(주)실리콘투","[(주)실리콘투] B2B 해외영업 업무자 (폴란드파견가능자 우대)","https://www.saramin.co.krundefined","경기 성남시 분당구","상시채용","경강선신분당판교역 도보 12분 이내"
"(주)레메디","영업관리 (국내/해외) 경력사원 채용","https://www.saramin.co.krundefined","서울 영등포구","~01.11(토)","9선유도역 도보 3분 이내"
"(주)펜믹스","펜믹스 메디칼팀(RA) 신입 및 경력사원 모집","https://www.saramin.co.krundefined","서울 중구","~01.01(수)","5서대문역 도보 7분 이내"
"(주)맨파워그룹코리아","[언주역/연봉상위] 글로벌 프리미엄 가전기업 Sales Admin (6M)","https://www.saramin.co.krundefined","서울 강남구","채용시","9언주역 도보 3분 이내"
"(주)제이에스리드","[수유-진접,노원]인터넷가입센터 아웃바운드/인바운드 TM","https://www.saramin.co.krundefined","서울 강북구","채용시","4수유역 도보 7분 이내"
"(주)대웅제약","[대웅제약] 개발부문 CPL/CTA 경력/계약직 채용","https://www.saramin.co.krundefined","서울 강남구","~12.29(일)","9봉은사역 도보 7분 이내"
"그린코스(주)","그린코스(주) 해외영업팀 팀장(화장품 OEM, ODM) 채용","https://www.saramin.co.krundefined","서울 강서구","~01.15(수)","9가양역 도보 4분 이내"
"(주)아스타아이비에스","[분당 킨스타워] 보안대원 모집 3교대(주주야야비비)","https://www.saramin.co.krundefined","경기 성남시 분당구","~01.12(일)","수인분당신분당정자역 도보 3분 이내"
"㈜덴티움","덴티움 의료기기 품질검사 담당자 모집","https://www.saramin.co.krundefined","경기 용인시 기흥구","~01.31(금)","에버라인어정역 도보 15분 이내"
"크리스탈코브 주식회사","두피문신아카데미에서 접수 직원을 모집합니다","https://www.saramin.co.krundefined","광주 서구","~02.10(월)","1상무역 도보 4분 이내"
"(주)트랜스코스모스코리아","대한항공/국제선 예약발권 전문상담사 채용 (주간스케줄) KAe4","https://www.saramin.co.krundefined","서울 강서구 외","~01.13(월)","9공항마곡나루역 도보 4분 이내"
"(주)미래아이엔씨","[미래아이엔씨] 퍼포먼스 마케터 신입/경력 채용","https://www.saramin.co.krundefined","서울 금천구 외","상시채용","17가산디지털단지역 도보 4분 이내"
"(주)케이케이에스티","[KKST / 사세확장] CS (팀장 / 팀원) 채용 공고","https://www.saramin.co.krundefined","서울 강남구","~01.04(토)","7청담역 도보 12분 이내"
"(주)에이젝코리아","[ASAP/정규직] 수출입 사무직 / 신입급 채용","https://www.saramin.co.krundefined","서울 중구","~01.15(수)","12시청역 도보 3분 이내"
"(주)한미유나이티드","온라인몰  등록외 기타 관리 (MD) 경력자","https://www.saramin.co.krundefined","서울 용산구","~01.17(금)","6경의중앙효창공원앞역 도보 7분 이내"
"(주)솔레오코스메틱","화장품 ODM/OEM 국내외 영업 신입/경력직 채용(서울사무소)","https://www.saramin.co.krundefined","서울 강남구","D-2","3신분당양재역 도보 12분 이내"
"스페이스잇주식회사","여성의류 AISEL MD 인재 채용합니다 3호선 대청역 연결","https://www.saramin.co.krundefined","서울 강남구","상시채용","3대청역 도보 1분 이내"
"(주)제일엠앤에스","(주)제일엠앤에스 EPC 엔지니어링부문 EM팀 전기제어파트 제어","https://www.saramin.co.krundefined","서울 서초구","~01.17(금)","3신분당양재역 도보 7분 이내"
"햇빛병원","햇빛병원 콜센터 오후 근무하실 선생님 모집합니다","https://www.saramin.co.krundefined","서울 강북구","~01.17(금)","4미아사거리역 도보 4분 이내"
"(주)넵튠","[넵튠-서울지점] 엔플라이스튜디오 클라이언트 개발자 채용","https://www.saramin.co.krundefined","서울 강남구","상시채용","2수인분당선릉역 도보 12분 이내"
"(주)솔레오코스메틱","영업마케팅본부 마케팅 담당 신입/경력직 채용","https://www.saramin.co.krundefined","서울 강남구","~01.26(일)","3신분당양재역 도보 12분 이내"
"(주)해피문데이","해피문데이 브랜드 디자이너","https://www.saramin.co.krundefined","서울 성동구","채용시","2뚝섬역 도보 3분 이내"
"(주)메디쿼터스","[(주)메디쿼터스]일본CX담당자(NUGU)","https://www.saramin.co.krundefined","서울 강남구 외","~01.10(금)","7학동역 도보 7분 이내"
"(주)제일엠앤에스","(주)제일엠앤에스 EPC 엔지니어링부문 EM팀 전기제어파트 전기","https://www.saramin.co.krundefined","서울 서초구","~01.17(금)","3신분당양재역 도보 7분 이내"
"(사)전국장애인부모연대성동지회","성인발달장애인주간활동서비스선생님을찾습니다","https://www.saramin.co.krundefined","서울 성동구","~02.16(일)","2뚝섬역 도보 3분 이내"
"(주) 씨티라이프","쇼핑몰 물류팀 정규직 (상품포장/하역/재고관리)","https://www.saramin.co.krundefined","부산 사상구","~01.31(금)","2감전역 도보 12분 이내"
"(주)미래아이엔씨","[네이버/카카오 공식대행사] MA본부 온라인 마케팅 AE 모집","https://www.saramin.co.krundefined","서울 금천구 외","상시채용","17가산디지털단지역 도보 4분 이내"
"(주)노마","노마하우스 서비스, 고객상담 매니저 채용공고","https://www.saramin.co.krundefined","대구 중구","D-6","2경대병원역 도보 7분 이내"
"(주)유엔에이엔지니어링","신입 및 경력직원 채용공고","https://www.saramin.co.krundefined","경기 군포시 외","~12.28(토)","1군포역 도보 12분 이내"
"재영솔루텍(주)","재영솔루텍㈜ 부문별 인재 채용","https://www.saramin.co.krundefined","인천 연수구 외","~12.28(토)","수인분당호구포역 도보 15분 이내"
"대일건설(주)","건축현장 공무 직원 모집","https://www.saramin.co.krundefined","경기 안산시 단원구","~01.12(일)","4수인분당고잔역 도보 15분 이내"
"(주)에이통상","[(주)에이통상] 영업지원 AMD 경력채용","https://www.saramin.co.krundefined","경기 수원시 영통구","~01.15(수)","신분당광교역 도보 7분 이내"
"(주)시월기획","주식회사 시월기획 검색광고 마케터 채용(역삼본사)","https://www.saramin.co.krundefined","서울 강남구","채용시","2역삼역 도보 3분 이내"
"(주)지안에듀","경리· 출납· 일반 사무 &amp; CS 담당 경력자 모집","https://www.saramin.co.krundefined","서울 동작구","~01.16(목)","19노량진역 도보 7분 이내"
"(주)케이디지","[KDG/둔전] 용인 물류창고 물류팀 정규직 채용 (현장/발주파트)","https://www.saramin.co.krundefined","경기 용인시 처인구 외","~01.15(수)","에버라인둔전역 도보 12분 이내"
"(주)케이디지","[KDG/둔전] 영업지원 정규직 채용 (결제 CS/데이터 관리)","https://www.saramin.co.krundefined","경기 용인시 처인구 외","~01.15(수)","에버라인둔전역 도보 12분 이내"